{
  "bank": {
    "x": 223.26544,
    "y": 208.94708,
    "z": 105.52081
  },
  "dmv": {
    "x": 1158.5605,
    "y": -467.3599,
    "z": 66.61058
  }
}