{
  "Locations": [
    {
      "x": 1144.9357,
      "y": -471.302,
      "z": 66.55573
    },
    {
      "x": 1144.3722,
      "y": -475.06503,
      "z": 66.37055
    },
    {
      "x": 1143.665,
      "y": -478.37164,
      "z": 66.176384
    },
    {
      "x": 1142.9569,
      "y": -481.9275,
      "z": 65.87842
    }
  ]
}